https://www.bike-discount.de/en/radon-render-9.0-625	Radon Render 9.0 625	5199.00
https://www.bike-discount.de/en/radon-slide-trail-8.0-1	Radon Slide Trail 8.0	2699.00
https://www.bike-discount.de/en/radon-relate-8.0-625	Radon Relate 8.0 625	3299.00
https://www.bike-discount.de/en/radon-jealous-al-8.0-1	Radon Jealous AL 8.0	999.00
https://www.bike-discount.de/en/radon-jealous-hybrid-8.0-625	Radon Jealous Hybrid 8.0 625	2899.00
https://www.bike-discount.de/en/radon-swoop-9.0-2	Radon Swoop 9.0	3.12504 
https://www.bike-discount.de/en/radon-deft-10.0-750	Radon Deft 10.0 750	6799.00
https://www.bike-discount.de/en/radon-jealous-hybrid-10.0-625	Radon Jealous Hybrid 10.0 625	3499.00
https://www.bike-discount.de/en/radon-render-9.0-750	Radon Render 9.0 750	5399.00
https://www.bike-discount.de/en/radon-spire-disc-10.0-1	Radon Spire Disc 10.0	3599.00
https://www.bike-discount.de/en/radon-swoop-10.0-2	Radon Swoop 10.0	3999.00
https://www.bike-discount.de/en/radon-skeen-trail-9.0-1	Radon Skeen Trail 9.0	2699.00
https://www.bike-discount.de/en/radon-deft-9.0-750	Radon Deft 9.0 750	5999.00
https://www.bike-discount.de/en/radon-regard-8.0-fe	Radon Regard 8.0 FE	1599.00
https://www.bike-discount.de/en/radon-slide-trail-10.0-1	Radon Slide Trail 10.0	3699.00
https://www.bike-discount.de/en/radon-deft-8.0-750	Radon Deft 8.0 750	5199.00
https://www.bike-discount.de/en/radon-jealous-al-10.0-sl-1	Radon Jealous AL 10.0 SL	2199.00
https://www.bike-discount.de/en/radon-jealous-hybrid-9.0-625	Radon Jealous Hybrid 9.0 625	3299.00
https://www.bike-discount.de/en/radon-render-8.0-625	Radon Render 8.0 625	4499.00
https://www.bike-discount.de/en/cube-cross-race-c-68x-slt-frostwhite-n-orange	Cube Cross Race C:68X SLT frostwhite´n´orange	4199.00
https://www.bike-discount.de/en/radon-slide-trail-10.0-hd-1	Radon Slide Trail 10.0 HD	4599.00
https://www.bike-discount.de/en/radon-swoop-al-8.0-1	Radon Swoop AL 8.0	2699.00
https://www.bike-discount.de/en/radon-swoop-al-10.0	Radon Swoop AL 10.0	3999.00
https://www.bike-discount.de/en/radon-render-8.0-625	Radon Render 8.0 625	4499.00
https://www.bike-discount.de/en/radon-skeen-trail-10.0-1	Radon Skeen Trail 10.0	3199.00
https://www.bike-discount.de/en/radon-render-10.0-hd-750	Radon Render 10.0 HD 750	6999.00
https://www.bike-discount.de/en/radon-zr-lady-hybrid-500	Radon ZR Lady Hybrid 500	2299.00
https://www.bike-discount.de/en/cube-agree-c-62-grey-n-black	Cube Agree C:62 grey´n´black	2899.00
https://www.bike-discount.de/en/radon-slide-trail-10.0-ms	Radon Slide Trail 10.0 MS	3699.00
https://www.bike-discount.de/en/radon-sunset-supreme-1	Radon Sunset Supreme	1699.00
https://www.bike-discount.de/en/cube-reaction-hybrid-pro-625-desert-n-orange	Cube Reaction Hybrid Pro 625 desert´n´orange	2599.00
https://www.bike-discount.de/en/radon-jab-9.0-1	Radon Jab 9.0	3099.00
https://www.bike-discount.de/en/radon-zr-team-hybrid-6.0-500	Radon ZR Team Hybrid 6.0 500	1999.00
https://www.bike-discount.de/en/radon-skeen-trail-10.0-hd	Radon Skeen Trail 10.0 HD	3999.00
https://www.bike-discount.de/en/focus-thron2-6.7-2	Focus THRON² 6.7	3499.00
https://www.bike-discount.de/en/mondraker-crafty-se	Mondraker CRAFTY SE	4999.00
https://www.bike-discount.de/en/cube-stereo-hybrid-140-hpc-tm-750-flashgrey-n-olive	Cube Stereo Hybrid 140 HPC TM 750 flashgrey´n´olive	5799.00
https://www.bike-discount.de/en/cube-supreme-hybrid-slt-625-easy-entry-midnight-n-black	Cube Supreme Hybrid SLT 625 Easy Entry midnight´n´black	3499.00
https://www.bike-discount.de/en/radon-jealous-al-9.0-1	Radon Jealous AL 9.0	1649.00
https://www.bike-discount.de/en/radon-jealous-9.0-1	Radon Jealous 9.0	2999.00
https://www.bike-discount.de/en/radon-slide-trail-al-7.0	Radon Slide Trail AL 7.0	2199.00
https://www.bike-discount.de/en/radon-slide-trail-al-8.0	Radon Slide Trail AL 8.0	2699.00
https://www.bike-discount.de/en/cube-stereo-hybrid-160-hpc-actionteam-750-27.5-actionteam	Cube Stereo Hybrid 160 HPC Actionteam 750 27.5 actionteam	6499.00
https://www.bike-discount.de/en/radon-render-10.0-750	Radon Render 10.0 750	5999.00
https://www.bike-discount.de/en/radon-jab-10.0-1	Radon Jab 10.0	3499.00
https://www.bike-discount.de/en/cube-reaction-hybrid-pro-625-flashgrey-n-green	Cube Reaction Hybrid Pro 625 flashgrey´n´green	2599.00
https://www.bike-discount.de/en/cube-reaction-hybrid-pro-625-flashgrey-n-green	Cube Reaction Hybrid Pro 625 flashgrey´n´green	2599.00
https://www.bike-discount.de/en/radon-jab-10.0-hd-1	Radon Jab 10.0 HD	4699.00
https://www.bike-discount.de/en/radon-zr-team-hybrid-8.0-500	Radon ZR Team Hybrid 8.0 500	2299.00
https://www.bike-discount.de/en/radon-jealous-10.0-1	Radon Jealous 10.0	4199.00
https://www.bike-discount.de/en/radon-skeen-al-8.0	Radon Skeen AL 8.0	2099.00
https://www.bike-discount.de/en/cube-stereo-hybrid-120-sl-750-29-white-n-grey	Cube Stereo Hybrid 120 SL 750 29 white´n´grey	4499.00
https://www.bike-discount.de/en/radon-zr-team-8.0-3	Radon ZR Team 8.0	899.00
https://www.bike-discount.de/en/cube-attention-indigoblack-n-black	Cube Attention indigoblack´n´black	739.00
https://www.bike-discount.de/en/cube-agree-c-62-slt-silver-n-black	Cube Agree C:62 SLT silver´n´black	5699.00
https://www.bike-discount.de/en/cube-stereo-hybrid-140-hpc-race-750-grey-n-chrome	Cube Stereo Hybrid 140 HPC Race 750 grey´n´chrome	4799.00
https://www.bike-discount.de/en/mondraker-level-r-1	Mondraker LEVEL R	5999.00
https://www.bike-discount.de/en/mondraker-level-r-1	Mondraker LEVEL R	5999.00
https://www.bike-discount.de/en/cube-reaction-hybrid-one-625-white-n-grey	Cube Reaction Hybrid ONE 625 white´n´grey	2399.00
https://www.bike-discount.de/en/radon-swoop-al-9.0-1	Radon Swoop AL 9.0	3299.00
https://www.bike-discount.de/en/radon-sunset-9.0-2	Radon Sunset 9.0	1299.00
https://www.bike-discount.de/en/radon-solution-hybrid-8.0-cx-500-1	Radon Solution Hybrid 8.0 CX 500	2599.00
https://www.bike-discount.de/en/radon-solution-comfort-9.0-lady-1	Radon Solution Comfort 9.0 Lady	1099.00
https://www.bike-discount.de/en/radon-solution-comfort-9.0-2	Radon Solution Comfort 9.0	1099.00
https://www.bike-discount.de/en/radon-vaillant-disc-9.0-1	Radon Vaillant Disc 9.0	3399.00
https://www.bike-discount.de/en/cube-stereo-hybrid-160-hpc-tm-750-27.5-flashgrey-n-olive-1	Cube Stereo Hybrid 160 HPC TM 750 27.5 flashgrey´n´olive	5899.00
https://www.bike-discount.de/en/cube-ella-cruise-hybrid-500-easy-entry-pearlysilver-n-white	Cube Ella Cruise Hybrid 500 Easy Entry pearlysilver´n´white	2299.00
https://www.bike-discount.de/en/mondraker-chaser-750	Mondraker CHASER 750	4499.00
https://www.bike-discount.de/en/cube-aim-black-n-blue-2021	Cube Aim black´n´blue 2021	419.00
https://www.bike-discount.de/en/cube-reaction-hybrid-slt-750-29-prizmblack-n-black	Cube Reaction Hybrid SLT 750 29 prizmblack´n´black	3799.00
https://www.bike-discount.de/en/radon-solution-hybrid-7.0-lady-performance-500-1	Radon Solution Hybrid 7.0 Lady Performance 500	2199.00
https://www.bike-discount.de/en/se-bikes-big-flyer-29-hd	SE Bikes BIG FLYER 29 HD	799.00
https://www.bike-discount.de/en/cube-nuroad-race-fe-grey-n-black-1	Cube Nuroad Race FE grey´n´black	1799.00
https://www.bike-discount.de/en/radon-jealous-10.0-ea-1	Radon Jealous 10.0 EA	5499.00
https://www.bike-discount.de/en/focus-jam-8.8	Focus JAM 8.8	2899.00
https://www.bike-discount.de/en/cube-agree-c-62-grey-n-black	Cube Agree C:62 grey´n´black	2899.00
https://www.bike-discount.de/en/radon-slide-trail-10.0-ms	Radon Slide Trail 10.0 MS	3699.00
https://www.bike-discount.de/en/radon-sunset-supreme-1	Radon Sunset Supreme	1699.00
https://www.bike-discount.de/en/cube-reaction-hybrid-pro-625-desert-n-orange	Cube Reaction Hybrid Pro 625 desert´n´orange	2599.00
https://www.bike-discount.de/en/radon-jab-9.0-1	Radon Jab 9.0	3099.00
https://www.bike-discount.de/en/radon-zr-team-hybrid-6.0-500	Radon ZR Team Hybrid 6.0 500	1999.00
https://www.bike-discount.de/en/radon-skeen-trail-10.0-hd	Radon Skeen Trail 10.0 HD	3999.00
https://www.bike-discount.de/en/focus-thron2-6.7-2	Focus THRON² 6.7	3499.00
https://www.bike-discount.de/en/mondraker-crafty-se	Mondraker CRAFTY SE	4999.00
https://www.bike-discount.de/en/cube-stereo-hybrid-140-hpc-tm-750-flashgrey-n-olive	Cube Stereo Hybrid 140 HPC TM 750 flashgrey´n´olive	5799.00
https://www.bike-discount.de/en/cube-supreme-hybrid-slt-625-easy-entry-midnight-n-black	Cube Supreme Hybrid SLT 625 Easy Entry midnight´n´black	3499.00
https://www.bike-discount.de/en/radon-jealous-al-9.0-1	Radon Jealous AL 9.0	1649.00
https://www.bike-discount.de/en/radon-jealous-9.0-1	Radon Jealous 9.0	2999.00
https://www.bike-discount.de/en/radon-slide-trail-al-7.0	Radon Slide Trail AL 7.0	2199.00
https://www.bike-discount.de/en/radon-slide-trail-al-8.0	Radon Slide Trail AL 8.0	2699.00
https://www.bike-discount.de/en/cube-stereo-hybrid-160-hpc-actionteam-750-27.5-actionteam	Cube Stereo Hybrid 160 HPC Actionteam 750 27.5 actionteam	6499.00
https://www.bike-discount.de/en/radon-render-10.0-750	Radon Render 10.0 750	5999.00
https://www.bike-discount.de/en/radon-jab-10.0-1	Radon Jab 10.0	3499.00
https://www.bike-discount.de/en/cube-reaction-hybrid-pro-625-flashgrey-n-green	Cube Reaction Hybrid Pro 625 flashgrey´n´green	2599.00
https://www.bike-discount.de/en/cube-reaction-hybrid-pro-625-flashgrey-n-green	Cube Reaction Hybrid Pro 625 flashgrey´n´green	2599.00
https://www.bike-discount.de/en/radon-jab-10.0-hd-1	Radon Jab 10.0 HD	4699.00
https://www.bike-discount.de/en/radon-zr-team-hybrid-8.0-500	Radon ZR Team Hybrid 8.0 500	2299.00
https://www.bike-discount.de/en/radon-jealous-10.0-1	Radon Jealous 10.0	4199.00
https://www.bike-discount.de/en/radon-skeen-al-8.0	Radon Skeen AL 8.0	2099.00
https://www.bike-discount.de/en/cube-stereo-hybrid-120-sl-750-29-white-n-grey	Cube Stereo Hybrid 120 SL 750 29 white´n´grey	4499.00
https://www.bike-discount.de/en/radon-zr-team-8.0-3	Radon ZR Team 8.0	899.00
https://www.bike-discount.de/en/cube-attention-indigoblack-n-black	Cube Attention indigoblack´n´black	739.00
https://www.bike-discount.de/en/cube-agree-c-62-slt-silver-n-black	Cube Agree C:62 SLT silver´n´black	5699.00
https://www.bike-discount.de/en/cube-stereo-hybrid-140-hpc-race-750-grey-n-chrome	Cube Stereo Hybrid 140 HPC Race 750 grey´n´chrome	4799.00
https://www.bike-discount.de/en/mondraker-level-r-1	Mondraker LEVEL R	5999.00
https://www.bike-discount.de/en/mondraker-level-r-1	Mondraker LEVEL R	5999.00
https://www.bike-discount.de/en/cube-reaction-hybrid-one-625-white-n-grey	Cube Reaction Hybrid ONE 625 white´n´grey	2399.00
https://www.bike-discount.de/en/radon-swoop-al-9.0-1	Radon Swoop AL 9.0	3299.00
https://www.bike-discount.de/en/radon-sunset-9.0-2	Radon Sunset 9.0	1299.00
https://www.bike-discount.de/en/radon-solution-hybrid-8.0-cx-500-1	Radon Solution Hybrid 8.0 CX 500	2599.00
https://www.bike-discount.de/en/radon-solution-comfort-9.0-lady-1	Radon Solution Comfort 9.0 Lady	1099.00
https://www.bike-discount.de/en/radon-solution-comfort-9.0-2	Radon Solution Comfort 9.0	1099.00
https://www.bike-discount.de/en/radon-vaillant-disc-9.0-1	Radon Vaillant Disc 9.0	3399.00
https://www.bike-discount.de/en/cube-stereo-hybrid-160-hpc-tm-750-27.5-flashgrey-n-olive-1	Cube Stereo Hybrid 160 HPC TM 750 27.5 flashgrey´n´olive	5899.00
https://www.bike-discount.de/en/cube-ella-cruise-hybrid-500-easy-entry-pearlysilver-n-white	Cube Ella Cruise Hybrid 500 Easy Entry pearlysilver´n´white	2299.00
https://www.bike-discount.de/en/mondraker-chaser-750	Mondraker CHASER 750	4499.00
https://www.bike-discount.de/en/cube-aim-black-n-blue-2021	Cube Aim black´n´blue 2021	419.00
https://www.bike-discount.de/en/cube-reaction-hybrid-slt-750-29-prizmblack-n-black	Cube Reaction Hybrid SLT 750 29 prizmblack´n´black	3799.00
https://www.bike-discount.de/en/radon-solution-hybrid-7.0-lady-performance-500-1	Radon Solution Hybrid 7.0 Lady Performance 500	2199.00
https://www.bike-discount.de/en/se-bikes-big-flyer-29-hd	SE Bikes BIG FLYER 29 HD	799.00
https://www.bike-discount.de/en/cube-nuroad-race-fe-grey-n-black-1	Cube Nuroad Race FE grey´n´black	1799.00
https://www.bike-discount.de/en/radon-jealous-10.0-ea-1	Radon Jealous 10.0 EA	5499.00
https://www.bike-discount.de/en/focus-jam-8.8	Focus JAM 8.8	2899.00
https://www.bike-discount.de/en/cube-agree-c-62-grey-n-black	Cube Agree C:62 grey´n´black	2899.00
https://www.bike-discount.de/en/radon-slide-trail-10.0-ms	Radon Slide Trail 10.0 MS	3699.00
https://www.bike-discount.de/en/radon-sunset-supreme-1	Radon Sunset Supreme	1699.00
https://www.bike-discount.de/en/cube-reaction-hybrid-pro-625-desert-n-orange	Cube Reaction Hybrid Pro 625 desert´n´orange	2599.00
https://www.bike-discount.de/en/radon-jab-9.0-1	Radon Jab 9.0	3099.00
https://www.bike-discount.de/en/radon-zr-team-hybrid-6.0-500	Radon ZR Team Hybrid 6.0 500	1999.00
https://www.bike-discount.de/en/radon-skeen-trail-10.0-hd	Radon Skeen Trail 10.0 HD	3999.00
https://www.bike-discount.de/en/focus-thron2-6.7-2	Focus THRON² 6.7	3499.00
https://www.bike-discount.de/en/mondraker-crafty-se	Mondraker CRAFTY SE	4999.00
https://www.bike-discount.de/en/cube-stereo-hybrid-140-hpc-tm-750-flashgrey-n-olive	Cube Stereo Hybrid 140 HPC TM 750 flashgrey´n´olive	5799.00
https://www.bike-discount.de/en/cube-supreme-hybrid-slt-625-easy-entry-midnight-n-black	Cube Supreme Hybrid SLT 625 Easy Entry midnight´n´black	3499.00
https://www.bike-discount.de/en/radon-jealous-al-9.0-1	Radon Jealous AL 9.0	1649.00
https://www.bike-discount.de/en/radon-jealous-9.0-1	Radon Jealous 9.0	2999.00
https://www.bike-discount.de/en/radon-slide-trail-al-7.0	Radon Slide Trail AL 7.0	2199.00
https://www.bike-discount.de/en/radon-slide-trail-al-8.0	Radon Slide Trail AL 8.0	2699.00
https://www.bike-discount.de/en/cube-stereo-hybrid-160-hpc-actionteam-750-27.5-actionteam	Cube Stereo Hybrid 160 HPC Actionteam 750 27.5 actionteam	6499.00
https://www.bike-discount.de/en/radon-render-10.0-750	Radon Render 10.0 750	5999.00
https://www.bike-discount.de/en/radon-jab-10.0-1	Radon Jab 10.0	3499.00
https://www.bike-discount.de/en/cube-reaction-hybrid-pro-625-flashgrey-n-green	Cube Reaction Hybrid Pro 625 flashgrey´n´green	2599.00
https://www.bike-discount.de/en/cube-reaction-hybrid-pro-625-flashgrey-n-green	Cube Reaction Hybrid Pro 625 flashgrey´n´green	2599.00
https://www.bike-discount.de/en/radon-jab-10.0-hd-1	Radon Jab 10.0 HD	4699.00
https://www.bike-discount.de/en/radon-zr-team-hybrid-8.0-500	Radon ZR Team Hybrid 8.0 500	2299.00
https://www.bike-discount.de/en/radon-jealous-10.0-1	Radon Jealous 10.0	4199.00
https://www.bike-discount.de/en/radon-skeen-al-8.0	Radon Skeen AL 8.0	2099.00
https://www.bike-discount.de/en/cube-stereo-hybrid-120-sl-750-29-white-n-grey	Cube Stereo Hybrid 120 SL 750 29 white´n´grey	4499.00
https://www.bike-discount.de/en/radon-zr-team-8.0-3	Radon ZR Team 8.0	899.00
https://www.bike-discount.de/en/cube-attention-indigoblack-n-black	Cube Attention indigoblack´n´black	739.00
https://www.bike-discount.de/en/cube-agree-c-62-slt-silver-n-black	Cube Agree C:62 SLT silver´n´black	5699.00
https://www.bike-discount.de/en/cube-stereo-hybrid-140-hpc-race-750-grey-n-chrome	Cube Stereo Hybrid 140 HPC Race 750 grey´n´chrome	4799.00
https://www.bike-discount.de/en/mondraker-level-r-1	Mondraker LEVEL R	5999.00
https://www.bike-discount.de/en/mondraker-level-r-1	Mondraker LEVEL R	5999.00
https://www.bike-discount.de/en/cube-reaction-hybrid-one-625-white-n-grey	Cube Reaction Hybrid ONE 625 white´n´grey	2399.00
https://www.bike-discount.de/en/radon-swoop-al-9.0-1	Radon Swoop AL 9.0	3299.00
https://www.bike-discount.de/en/radon-sunset-9.0-2	Radon Sunset 9.0	1299.00
https://www.bike-discount.de/en/radon-solution-hybrid-8.0-cx-500-1	Radon Solution Hybrid 8.0 CX 500	2599.00
https://www.bike-discount.de/en/radon-solution-comfort-9.0-lady-1	Radon Solution Comfort 9.0 Lady	1099.00
https://www.bike-discount.de/en/radon-solution-comfort-9.0-2	Radon Solution Comfort 9.0	1099.00
https://www.bike-discount.de/en/radon-vaillant-disc-9.0-1	Radon Vaillant Disc 9.0	3399.00
https://www.bike-discount.de/en/cube-stereo-hybrid-160-hpc-tm-750-27.5-flashgrey-n-olive-1	Cube Stereo Hybrid 160 HPC TM 750 27.5 flashgrey´n´olive	5899.00
https://www.bike-discount.de/en/cube-ella-cruise-hybrid-500-easy-entry-pearlysilver-n-white	Cube Ella Cruise Hybrid 500 Easy Entry pearlysilver´n´white	2299.00
https://www.bike-discount.de/en/mondraker-chaser-750	Mondraker CHASER 750	4499.00
https://www.bike-discount.de/en/cube-aim-black-n-blue-2021	Cube Aim black´n´blue 2021	419.00
https://www.bike-discount.de/en/cube-reaction-hybrid-slt-750-29-prizmblack-n-black	Cube Reaction Hybrid SLT 750 29 prizmblack´n´black	3799.00
https://www.bike-discount.de/en/radon-solution-hybrid-7.0-lady-performance-500-1	Radon Solution Hybrid 7.0 Lady Performance 500	2199.00
https://www.bike-discount.de/en/se-bikes-big-flyer-29-hd	SE Bikes BIG FLYER 29 HD	799.00
https://www.bike-discount.de/en/cube-nuroad-race-fe-grey-n-black-1	Cube Nuroad Race FE grey´n´black	1799.00
https://www.bike-discount.de/en/radon-jealous-10.0-ea-1	Radon Jealous 10.0 EA	5499.00
https://www.bike-discount.de/en/focus-jam-8.8	Focus JAM 8.8	2899.00
https://www.bike-discount.de/en/cube-agree-c-62-grey-n-black	Cube Agree C:62 grey´n´black	2899.00
https://www.bike-discount.de/en/radon-slide-trail-10.0-ms	Radon Slide Trail 10.0 MS	3699.00
https://www.bike-discount.de/en/radon-sunset-supreme-1	Radon Sunset Supreme	1699.00
https://www.bike-discount.de/en/cube-reaction-hybrid-pro-625-desert-n-orange	Cube Reaction Hybrid Pro 625 desert´n´orange	2599.00
https://www.bike-discount.de/en/radon-jab-9.0-1	Radon Jab 9.0	3099.00
https://www.bike-discount.de/en/radon-zr-team-hybrid-6.0-500	Radon ZR Team Hybrid 6.0 500	1999.00
https://www.bike-discount.de/en/radon-skeen-trail-10.0-hd	Radon Skeen Trail 10.0 HD	3999.00
https://www.bike-discount.de/en/focus-thron2-6.7-2	Focus THRON² 6.7	3499.00
https://www.bike-discount.de/en/mondraker-crafty-se	Mondraker CRAFTY SE	4999.00
https://www.bike-discount.de/en/cube-stereo-hybrid-140-hpc-tm-750-flashgrey-n-olive	Cube Stereo Hybrid 140 HPC TM 750 flashgrey´n´olive	5799.00
https://www.bike-discount.de/en/cube-supreme-hybrid-slt-625-easy-entry-midnight-n-black	Cube Supreme Hybrid SLT 625 Easy Entry midnight´n´black	3499.00
https://www.bike-discount.de/en/radon-jealous-al-9.0-1	Radon Jealous AL 9.0	1649.00
https://www.bike-discount.de/en/radon-jealous-9.0-1	Radon Jealous 9.0	2999.00
https://www.bike-discount.de/en/radon-slide-trail-al-7.0	Radon Slide Trail AL 7.0	2199.00
https://www.bike-discount.de/en/radon-slide-trail-al-8.0	Radon Slide Trail AL 8.0	2699.00
https://www.bike-discount.de/en/cube-stereo-hybrid-160-hpc-actionteam-750-27.5-actionteam	Cube Stereo Hybrid 160 HPC Actionteam 750 27.5 actionteam	6499.00
https://www.bike-discount.de/en/radon-render-10.0-750	Radon Render 10.0 750	5999.00
https://www.bike-discount.de/en/radon-jab-10.0-1	Radon Jab 10.0	3499.00
https://www.bike-discount.de/en/cube-reaction-hybrid-pro-625-flashgrey-n-green	Cube Reaction Hybrid Pro 625 flashgrey´n´green	2599.00
https://www.bike-discount.de/en/cube-reaction-hybrid-pro-625-flashgrey-n-green	Cube Reaction Hybrid Pro 625 flashgrey´n´green	2599.00
https://www.bike-discount.de/en/radon-jab-10.0-hd-1	Radon Jab 10.0 HD	4699.00
https://www.bike-discount.de/en/radon-zr-team-hybrid-8.0-500	Radon ZR Team Hybrid 8.0 500	2299.00
https://www.bike-discount.de/en/radon-jealous-10.0-1	Radon Jealous 10.0	4199.00
https://www.bike-discount.de/en/radon-skeen-al-8.0	Radon Skeen AL 8.0	2099.00
https://www.bike-discount.de/en/cube-stereo-hybrid-120-sl-750-29-white-n-grey	Cube Stereo Hybrid 120 SL 750 29 white´n´grey	4499.00
https://www.bike-discount.de/en/radon-zr-team-8.0-3	Radon ZR Team 8.0	899.00
https://www.bike-discount.de/en/cube-attention-indigoblack-n-black	Cube Attention indigoblack´n´black	739.00
https://www.bike-discount.de/en/cube-agree-c-62-slt-silver-n-black	Cube Agree C:62 SLT silver´n´black	5699.00
https://www.bike-discount.de/en/cube-stereo-hybrid-140-hpc-race-750-grey-n-chrome	Cube Stereo Hybrid 140 HPC Race 750 grey´n´chrome	4799.00
https://www.bike-discount.de/en/mondraker-level-r-1	Mondraker LEVEL R	5999.00
https://www.bike-discount.de/en/mondraker-level-r-1	Mondraker LEVEL R	5999.00
https://www.bike-discount.de/en/cube-reaction-hybrid-one-625-white-n-grey	Cube Reaction Hybrid ONE 625 white´n´grey	2399.00
https://www.bike-discount.de/en/radon-swoop-al-9.0-1	Radon Swoop AL 9.0	3299.00
https://www.bike-discount.de/en/radon-sunset-9.0-2	Radon Sunset 9.0	1299.00
https://www.bike-discount.de/en/radon-solution-hybrid-8.0-cx-500-1	Radon Solution Hybrid 8.0 CX 500	2599.00
https://www.bike-discount.de/en/radon-solution-comfort-9.0-lady-1	Radon Solution Comfort 9.0 Lady	1099.00
https://www.bike-discount.de/en/radon-solution-comfort-9.0-2	Radon Solution Comfort 9.0	1099.00
https://www.bike-discount.de/en/radon-vaillant-disc-9.0-1	Radon Vaillant Disc 9.0	3399.00
https://www.bike-discount.de/en/cube-stereo-hybrid-160-hpc-tm-750-27.5-flashgrey-n-olive-1	Cube Stereo Hybrid 160 HPC TM 750 27.5 flashgrey´n´olive	5899.00
https://www.bike-discount.de/en/cube-ella-cruise-hybrid-500-easy-entry-pearlysilver-n-white	Cube Ella Cruise Hybrid 500 Easy Entry pearlysilver´n´white	2299.00
https://www.bike-discount.de/en/mondraker-chaser-750	Mondraker CHASER 750	4499.00
https://www.bike-discount.de/en/cube-aim-black-n-blue-2021	Cube Aim black´n´blue 2021	419.00
https://www.bike-discount.de/en/cube-reaction-hybrid-slt-750-29-prizmblack-n-black	Cube Reaction Hybrid SLT 750 29 prizmblack´n´black	3799.00
https://www.bike-discount.de/en/radon-solution-hybrid-7.0-lady-performance-500-1	Radon Solution Hybrid 7.0 Lady Performance 500	2199.00
https://www.bike-discount.de/en/se-bikes-big-flyer-29-hd	SE Bikes BIG FLYER 29 HD	799.00
https://www.bike-discount.de/en/cube-nuroad-race-fe-grey-n-black-1	Cube Nuroad Race FE grey´n´black	1799.00
https://www.bike-discount.de/en/radon-jealous-10.0-ea-1	Radon Jealous 10.0 EA	5499.00
https://www.bike-discount.de/en/focus-jam-8.8	Focus JAM 8.8	2899.00
https://www.bike-discount.de/en/cube-agree-c-62-grey-n-black	Cube Agree C:62 grey´n´black	2899.00
https://www.bike-discount.de/en/radon-slide-trail-10.0-ms	Radon Slide Trail 10.0 MS	3699.00
https://www.bike-discount.de/en/radon-sunset-supreme-1	Radon Sunset Supreme	1699.00
https://www.bike-discount.de/en/cube-reaction-hybrid-pro-625-desert-n-orange	Cube Reaction Hybrid Pro 625 desert´n´orange	2599.00
https://www.bike-discount.de/en/radon-jab-9.0-1	Radon Jab 9.0	3099.00
https://www.bike-discount.de/en/radon-zr-team-hybrid-6.0-500	Radon ZR Team Hybrid 6.0 500	1999.00
https://www.bike-discount.de/en/radon-skeen-trail-10.0-hd	Radon Skeen Trail 10.0 HD	3999.00
https://www.bike-discount.de/en/focus-thron2-6.7-2	Focus THRON² 6.7	3499.00
https://www.bike-discount.de/en/mondraker-crafty-se	Mondraker CRAFTY SE	4999.00
https://www.bike-discount.de/en/cube-stereo-hybrid-140-hpc-tm-750-flashgrey-n-olive	Cube Stereo Hybrid 140 HPC TM 750 flashgrey´n´olive	5799.00
https://www.bike-discount.de/en/cube-supreme-hybrid-slt-625-easy-entry-midnight-n-black	Cube Supreme Hybrid SLT 625 Easy Entry midnight´n´black	3499.00
https://www.bike-discount.de/en/radon-jealous-al-9.0-1	Radon Jealous AL 9.0	1649.00
https://www.bike-discount.de/en/radon-jealous-9.0-1	Radon Jealous 9.0	2999.00
https://www.bike-discount.de/en/radon-slide-trail-al-7.0	Radon Slide Trail AL 7.0	2199.00
https://www.bike-discount.de/en/radon-slide-trail-al-8.0	Radon Slide Trail AL 8.0	2699.00
https://www.bike-discount.de/en/cube-stereo-hybrid-160-hpc-actionteam-750-27.5-actionteam	Cube Stereo Hybrid 160 HPC Actionteam 750 27.5 actionteam	6499.00
https://www.bike-discount.de/en/radon-render-10.0-750	Radon Render 10.0 750	5999.00
https://www.bike-discount.de/en/radon-jab-10.0-1	Radon Jab 10.0	3499.00
https://www.bike-discount.de/en/cube-reaction-hybrid-pro-625-flashgrey-n-green	Cube Reaction Hybrid Pro 625 flashgrey´n´green	2599.00
https://www.bike-discount.de/en/cube-reaction-hybrid-pro-625-flashgrey-n-green	Cube Reaction Hybrid Pro 625 flashgrey´n´green	2599.00
https://www.bike-discount.de/en/radon-jab-10.0-hd-1	Radon Jab 10.0 HD	4699.00
https://www.bike-discount.de/en/radon-zr-team-hybrid-8.0-500	Radon ZR Team Hybrid 8.0 500	2299.00
https://www.bike-discount.de/en/radon-jealous-10.0-1	Radon Jealous 10.0	4199.00
https://www.bike-discount.de/en/radon-skeen-al-8.0	Radon Skeen AL 8.0	2099.00
https://www.bike-discount.de/en/cube-stereo-hybrid-120-sl-750-29-white-n-grey	Cube Stereo Hybrid 120 SL 750 29 white´n´grey	4499.00
https://www.bike-discount.de/en/radon-zr-team-8.0-3	Radon ZR Team 8.0	899.00
https://www.bike-discount.de/en/cube-attention-indigoblack-n-black	Cube Attention indigoblack´n´black	739.00
https://www.bike-discount.de/en/cube-agree-c-62-slt-silver-n-black	Cube Agree C:62 SLT silver´n´black	5699.00
https://www.bike-discount.de/en/cube-stereo-hybrid-140-hpc-race-750-grey-n-chrome	Cube Stereo Hybrid 140 HPC Race 750 grey´n´chrome	4799.00
https://www.bike-discount.de/en/mondraker-level-r-1	Mondraker LEVEL R	5999.00
https://www.bike-discount.de/en/mondraker-level-r-1	Mondraker LEVEL R	5999.00
https://www.bike-discount.de/en/cube-reaction-hybrid-one-625-white-n-grey	Cube Reaction Hybrid ONE 625 white´n´grey	2399.00
https://www.bike-discount.de/en/radon-swoop-al-9.0-1	Radon Swoop AL 9.0	3299.00
https://www.bike-discount.de/en/radon-sunset-9.0-2	Radon Sunset 9.0	1299.00
https://www.bike-discount.de/en/radon-solution-hybrid-8.0-cx-500-1	Radon Solution Hybrid 8.0 CX 500	2599.00
https://www.bike-discount.de/en/radon-solution-comfort-9.0-lady-1	Radon Solution Comfort 9.0 Lady	1099.00
https://www.bike-discount.de/en/radon-solution-comfort-9.0-2	Radon Solution Comfort 9.0	1099.00
https://www.bike-discount.de/en/radon-vaillant-disc-9.0-1	Radon Vaillant Disc 9.0	3399.00
https://www.bike-discount.de/en/cube-stereo-hybrid-160-hpc-tm-750-27.5-flashgrey-n-olive-1	Cube Stereo Hybrid 160 HPC TM 750 27.5 flashgrey´n´olive	5899.00
https://www.bike-discount.de/en/cube-ella-cruise-hybrid-500-easy-entry-pearlysilver-n-white	Cube Ella Cruise Hybrid 500 Easy Entry pearlysilver´n´white	2299.00
https://www.bike-discount.de/en/mondraker-chaser-750	Mondraker CHASER 750	4499.00
https://www.bike-discount.de/en/cube-aim-black-n-blue-2021	Cube Aim black´n´blue 2021	419.00
https://www.bike-discount.de/en/cube-reaction-hybrid-slt-750-29-prizmblack-n-black	Cube Reaction Hybrid SLT 750 29 prizmblack´n´black	3799.00
https://www.bike-discount.de/en/radon-solution-hybrid-7.0-lady-performance-500-1	Radon Solution Hybrid 7.0 Lady Performance 500	2199.00
https://www.bike-discount.de/en/se-bikes-big-flyer-29-hd	SE Bikes BIG FLYER 29 HD	799.00
https://www.bike-discount.de/en/cube-nuroad-race-fe-grey-n-black-1	Cube Nuroad Race FE grey´n´black	1799.00
https://www.bike-discount.de/en/radon-jealous-10.0-ea-1	Radon Jealous 10.0 EA	5499.00
https://www.bike-discount.de/en/focus-jam-8.8	Focus JAM 8.8	2899.00
https://www.bike-discount.de/en/cube-agree-c-62-grey-n-black	Cube Agree C:62 grey´n´black	2899.00
https://www.bike-discount.de/en/radon-slide-trail-10.0-ms	Radon Slide Trail 10.0 MS	3699.00
https://www.bike-discount.de/en/radon-sunset-supreme-1	Radon Sunset Supreme	1699.00
https://www.bike-discount.de/en/cube-reaction-hybrid-pro-625-desert-n-orange	Cube Reaction Hybrid Pro 625 desert´n´orange	2599.00
https://www.bike-discount.de/en/radon-jab-9.0-1	Radon Jab 9.0	3099.00
https://www.bike-discount.de/en/radon-zr-team-hybrid-6.0-500	Radon ZR Team Hybrid 6.0 500	1999.00
https://www.bike-discount.de/en/radon-skeen-trail-10.0-hd	Radon Skeen Trail 10.0 HD	3999.00
https://www.bike-discount.de/en/focus-thron2-6.7-2	Focus THRON² 6.7	3499.00
https://www.bike-discount.de/en/mondraker-crafty-se	Mondraker CRAFTY SE	4999.00
https://www.bike-discount.de/en/cube-stereo-hybrid-140-hpc-tm-750-flashgrey-n-olive	Cube Stereo Hybrid 140 HPC TM 750 flashgrey´n´olive	5799.00
https://www.bike-discount.de/en/cube-supreme-hybrid-slt-625-easy-entry-midnight-n-black	Cube Supreme Hybrid SLT 625 Easy Entry midnight´n´black	3499.00
https://www.bike-discount.de/en/radon-jealous-al-9.0-1	Radon Jealous AL 9.0	1649.00
https://www.bike-discount.de/en/radon-jealous-9.0-1	Radon Jealous 9.0	2999.00
https://www.bike-discount.de/en/radon-slide-trail-al-7.0	Radon Slide Trail AL 7.0	2199.00
https://www.bike-discount.de/en/radon-slide-trail-al-8.0	Radon Slide Trail AL 8.0	2699.00
https://www.bike-discount.de/en/cube-stereo-hybrid-160-hpc-actionteam-750-27.5-actionteam	Cube Stereo Hybrid 160 HPC Actionteam 750 27.5 actionteam	6499.00
https://www.bike-discount.de/en/radon-render-10.0-750	Radon Render 10.0 750	5999.00
https://www.bike-discount.de/en/radon-jab-10.0-1	Radon Jab 10.0	3499.00
https://www.bike-discount.de/en/cube-reaction-hybrid-pro-625-flashgrey-n-green	Cube Reaction Hybrid Pro 625 flashgrey´n´green	2599.00
https://www.bike-discount.de/en/cube-reaction-hybrid-pro-625-flashgrey-n-green	Cube Reaction Hybrid Pro 625 flashgrey´n´green	2599.00
https://www.bike-discount.de/en/radon-jab-10.0-hd-1	Radon Jab 10.0 HD	4699.00
https://www.bike-discount.de/en/radon-zr-team-hybrid-8.0-500	Radon ZR Team Hybrid 8.0 500	2299.00
https://www.bike-discount.de/en/radon-jealous-10.0-1	Radon Jealous 10.0	4199.00
https://www.bike-discount.de/en/radon-skeen-al-8.0	Radon Skeen AL 8.0	2099.00
https://www.bike-discount.de/en/cube-stereo-hybrid-120-sl-750-29-white-n-grey	Cube Stereo Hybrid 120 SL 750 29 white´n´grey	4499.00
https://www.bike-discount.de/en/radon-zr-team-8.0-3	Radon ZR Team 8.0	899.00
https://www.bike-discount.de/en/cube-attention-indigoblack-n-black	Cube Attention indigoblack´n´black	739.00
https://www.bike-discount.de/en/cube-agree-c-62-slt-silver-n-black	Cube Agree C:62 SLT silver´n´black	5699.00
https://www.bike-discount.de/en/cube-stereo-hybrid-140-hpc-race-750-grey-n-chrome	Cube Stereo Hybrid 140 HPC Race 750 grey´n´chrome	4799.00
https://www.bike-discount.de/en/mondraker-level-r-1	Mondraker LEVEL R	5999.00
https://www.bike-discount.de/en/mondraker-level-r-1	Mondraker LEVEL R	5999.00
https://www.bike-discount.de/en/cube-reaction-hybrid-one-625-white-n-grey	Cube Reaction Hybrid ONE 625 white´n´grey	2399.00
https://www.bike-discount.de/en/radon-swoop-al-9.0-1	Radon Swoop AL 9.0	3299.00
